userId,ratings_count
175325,33332
17035,9577
55653,9178
123465,9044
171795,9016
10202,7748
198515,7594
49305,7488
22744,7372
7858,7322
14674,6407
53192,6265
133878,6074
57304,6061
129705,5812
139018,5806
43703,5784
68797,5693
103925,5655
119247,5654
8588,5649
134403,5633
37677,5542
87007,5525
162621,5515
8359,5419
9085,5400
91195,5319
15875,5244
142343,5244
83000,5160
78394,5141
200323,5083
139755,5073
147603,5061
173979,5004
8307,4861
94272,4843
181059,4827
54798,4806
52617,4780
131116,4757
159776,4701
56986,4689
116422,4683
82050,4681
95987,4624
39321,4601
86889,4577
169291,4575
46232,4569
181118,4496
159685,4494
86167,4490
78665,4485
51289,4478
163298,4441
17856,4384
26769,4374
37745,4325
101460,4290
13946,4273
93138,4228
95481,4199
195510,4197
177145,4192
178826,4167
68776,4150
56703,4136
108605,4135
32466,4111
76092,4109
158553,4101
168259,4091
170779,4086
57457,4017
109606,4011
57618,4009
127335,3998
172034,3987
77863,3950
132839,3950
126007,3941
48454,3940
82615,3938
171882,3934
79555,3902
5029,3893
13492,3866
52603,3865
95567,3860
23783,3852
180749,3821
67072,3802
42756,3794
112964,3787
60568,3783
128508,3776
8901,3766
116907,3763
174601,3754
33911,3740
168198,3735
159300,3714
60131,3713
132721,3712
115166,3704
18518,3638
23476,3619
81481,3588
14290,3587
21011,3581
125507,3561
101654,3534
1048,3527
4392,3525
131675,3517
163697,3509
93930,3491
142672,3487
112015,3471
93575,3469
68823,3456
183186,3446
20110,3442
155834,3439
47557,3434
130012,3432
123683,3420
166927,3419
199478,3407
170502,3404
126467,3397
66317,3396
6728,3389
133254,3389
159752,3389
85584,3375
139046,3371
154002,3371
160503,3364
85312,3350
131523,3347
164366,3342
146668,3341
165364,3338
14758,3336
168427,3303
23635,3299
57737,3295
75040,3286
82778,3285
11453,3280
130583,3269
104544,3263
117621,3261
131785,3259
44001,3254
66254,3251
56494,3243
179708,3241
133623,3224
179003,3218
13450,3212
41294,3203
200578,3191
59580,3186
173092,3185
174514,3156
3367,3137
3408,3125
132423,3121
178022,3117
78213,3112
63204,3111
195448,3106
107315,3098
30910,3095
128323,3093
111154,3089
91254,3086
74542,3074
57532,3069
100343,3066
89198,3061
161282,3055
133464,3049
179324,3049
16283,3044
90716,3044
113654,3038
17831,3026
85742,3026
103013,3020
171683,3018
74892,3015
127171,3015
166820,3009
169086,3007
115748,3004
56205,3002
157595,2995
92653,2993
37711,2988
75772,2981
108412,2981
127521,2974
79374,2962
189645,2959
28547,2955
41219,2950
153690,2947
6310,2946
78784,2940
10844,2938
53000,2937
18240,2927
95389,2912
154324,2906
109525,2904
113165,2904
119526,2904
171703,2898
143598,2891
75647,2883
65006,2882
6471,2875
158697,2874
86407,2863
79027,2862
93211,2859
172165,2854
35340,2851
131420,2845
28,2842
148686,2842
102960,2841
66166,2839
71543,2839
87324,2837
157004,2831
151915,2827
70632,2822
91097,2820
143916,2803
11511,2802
89954,2797
150310,2795
79615,2791
69447,2788
135933,2788
61624,2787
48470,2784
9643,2780
85714,2775
106322,2771
195551,2768
10810,2764
143501,2761
51130,2760
168213,2755
75393,2754
82775,2750
193248,2749
169154,2748
109258,2747
65079,2741
66750,2740
11745,2739
190394,2738
93315,2737
12335,2733
143401,2731
120080,2729
161180,2727
97973,2721
85529,2715
100769,2707
120552,2698
23053,2697
145717,2697
135311,2696
183824,2690
199718,2689
43386,2686
107377,2685
98506,2684
78652,2678
101055,2676
104122,2675
96081,2668
190209,2664
19387,2658
23615,2658
183771,2651
83693,2645
7159,2640
197496,2637
51781,2632
55308,2631
36683,2629
82367,2626
84409,2619
12042,2618
68989,2618
150991,2612
181013,2609
84477,2606
41924,2603
148821,2602
49193,2601
68639,2598
107923,2597
118063,2594
1668,2591
94796,2591
9300,2587
34164,2578
85541,2578
108578,2576
116930,2575
124806,2575
6607,2571
190920,2568
108247,2565
101466,2562
146744,2561
32410,2557
188545,2552
195687,2549
102089,2546
114258,2546
43826,2545
35997,2543
180149,2543
11335,2542
34534,2541
121294,2540
20295,2537
98865,2535
65677,2533
69020,2533
70727,2526
132351,2522
172740,2522
78205,2513
18699,2508
58089,2505
79107,2495
27818,2494
32025,2486
197195,2485
58016,2479
131023,2478
53661,2477
69815,2477
19860,2474
148324,2471
118142,2468
72544,2465
106031,2463
103252,2462
195612,2460
52068,2457
179198,2451
29030,2450
70740,2450
15891,2448
265,2436
198149,2430
178310,2422
98875,2420
182043,2419
182204,2416
30041,2415
135506,2415
44539,2412
187828,2407
120635,2404
18093,2401
192416,2398
159164,2397
131447,2390
144664,2390
132346,2388
7808,2386
58222,2385
124558,2385
20921,2383
75060,2380
106350,2378
174114,2376
50759,2375
187073,2373
10280,2368
132183,2367
66773,2366
22292,2365
173527,2362
156170,2360
15968,2359
69632,2359
178554,2358
90550,2357
38162,2356
186085,2352
166282,2350
50875,2346
128035,2345
133941,2344
73836,2342
99011,2342
151127,2342
111661,2341
138191,2340
44593,2339
148957,2339
181725,2338
43137,2337
159663,2336
159690,2333
30809,2328
161612,2328
19097,2327
80183,2326
42609,2325
20959,2324
26335,2319
35980,2319
63277,2319
105979,2319
81162,2318
122544,2318
196076,2311
199004,2308
26326,2305
188533,2305
66889,2304
169751,2303
194392,2303
22270,2302
42854,2299
54023,2298
57389,2297
94119,2295
197527,2293
81065,2289
120892,2289
19347,2288
51550,2288
124363,2282
188012,2280
97212,2278
108381,2276
49048,2274
145829,2274
43494,2273
161964,2272
1411,2269
121321,2269
101833,2268
189992,2268
22096,2265
43302,2265
107567,2261
74000,2259
182732,2259
100887,2255
28075,2254
65925,2254
63730,2250
105475,2250
152657,2243
47231,2233
43094,2229
143888,2229
162731,2229
185754,2225
13536,2222
102168,2218
132777,2216
171818,2215
188819,2215
13162,2213
85650,2211
108145,2208
2421,2207
193539,2206
35671,2205
75559,2205
72521,2204
188,2202
48436,2201
103471,2200
187665,2199
199816,2199
182214,2198
1551,2192
126678,2192
133756,2192
63477,2190
98941,2189
70818,2186
110372,2186
2364,2185
36938,2181
10455,2180
96428,2180
123863,2178
140871,2177
174545,2175
109527,2174
83272,2173
186539,2170
157872,2166
174566,2166
121628,2164
113987,2163
134711,2162
176578,2162
94446,2161
117674,2161
170149,2161
128099,2160
10847,2159
123104,2159
182004,2157
132558,2151
1617,2150
100568,2149
12802,2148
15502,2147
86560,2146
170649,2145
119234,2144
9380,2143
94784,2141
185557,2141
24519,2139
94545,2139
2704,2137
102135,2137
161107,2137
155086,2133
185871,2132
87232,2124
180520,2124
151057,2123
34730,2122
190426,2120
87222,2118
134273,2117
136091,2113
178868,2112
18336,2111
169278,2107
108029,2106
141289,2106
29506,2105
92616,2105
37008,2103
130510,2103
141963,2102
155671,2102
157167,2101
6112,2100
135973,2100
152922,2097
147560,2096
188121,2096
98467,2094
111454,2094
169810,2094
67128,2093
93506,2092
184459,2092
85103,2090
154741,2088
33616,2086
170517,2086
40895,2085
192994,2085
72703,2084
82545,2080
109080,2080
64737,2079
127151,2078
169431,2078
39068,2075
6621,2074
60239,2074
63287,2074
82820,2074
143334,2074
27530,2071
61769,2071
125054,2071
170981,2069
159555,2066
178538,2065
134520,2064
29261,2063
189883,2059
35602,2058
157163,2057
188330,2057
30786,2055
99084,2055
23688,2053
120274,2053
21914,2052
35849,2052
95943,2052
110495,2052
181856,2051
20905,2050
84879,2049
180647,2049
31696,2046
24637,2044
160721,2043
20994,2041
199966,2041
19465,2039
74587,2038
79712,2037
65726,2034
155191,2033
59051,2032
13147,2031
13241,2029
73522,2029
61928,2027
57346,2026
83924,2026
160598,2026
55946,2023
157795,2023
9660,2021
109824,2021
153767,2021
5172,2020
15489,2020
105746,2020
112246,2018
156429,2017
49545,2015
49313,2013
78025,2013
107272,2013
93892,2012
164575,2012
27044,2011
33252,2010
175401,2010
31549,2009
69453,2003
8905,2001
167593,2000
102447,1998
177834,1998
77180,1996
30741,1993
79307,1993
21707,1992
69279,1992
159396,1990
72888,1986
107510,1986
136349,1986
60569,1985
36270,1983
150917,1983
112852,1980
68947,1976
127622,1976
64161,1974
120035,1974
125292,1974
104760,1971
78842,1969
99384,1969
197165,1967
110316,1966
117579,1963
182827,1963
39066,1962
180322,1961
197798,1961
120445,1960
89916,1956
162521,1956
15680,1955
18387,1954
97980,1952
136842,1952
40383,1951
101064,1945
124858,1943
73010,1942
69507,1939
164463,1939
198792,1939
193321,1938
102232,1937
66537,1936
44117,1935
64527,1934
21998,1933
154634,1931
195412,1931
77536,1930
197052,1930
148600,1929
184787,1929
189059,1929
117031,1928
188808,1928
199188,1928
144455,1921
34919,1920
12294,1919
142922,1918
75121,1917
143068,1917
128942,1916
152574,1916
25788,1915
9238,1914
30117,1914
150594,1913
135984,1912
44021,1911
115861,1911
185828,1910
3135,1908
99774,1905
140752,1905
61238,1899
109302,1898
106029,1896
139600,1896
94650,1893
44816,1892
13171,1890
50978,1890
22355,1889
68034,1888
156086,1888
87997,1885
133915,1881
170897,1881
27503,1880
113274,1880
76230,1877
161078,1877
47919,1875
132046,1875
21170,1872
90347,1872
90675,1869
21088,1868
170736,1864
30484,1862
162058,1862
39433,1861
104296,1861
17606,1859
64756,1859
167337,1859
195986,1858
20283,1856
120646,1856
110446,1853
1421,1850
28232,1849
183224,1848
148734,1847
118091,1846
121555,1845
89328,1844
33962,1843
151274,1843
80462,1842
52954,1841
27566,1840
40350,1840
2742,1838
23961,1837
36315,1836
143030,1836
33639,1835
178578,1835
22191,1834
194187,1833
81414,1831
29833,1830
188777,1830
57749,1827
200322,1825
99818,1823
25518,1822
5085,1819
161640,1819
78595,1817
85184,1817
87330,1817
161437,1817
42915,1816
25836,1815
55778,1813
143363,1811
177140,1811
168828,1807
177794,1807
98546,1806
149183,1806
45200,1805
59335,1805
27777,1803
57410,1802
192924,1800
159899,1797
159919,1797
150869,1796
97297,1795
115183,1795
117509,1791
131613,1791
65784,1790
166762,1789
129441,1787
12152,1786
92545,1785
26220,1782
61874,1782
25391,1781
142453,1779
196755,1779
7402,1778
109881,1776
174451,1776
191639,1775
190784,1773
38756,1772
58527,1771
17700,1770
172289,1769
75694,1768
139212,1767
119120,1766
11359,1765
12679,1765
19509,1765
118925,1765
106077,1764
66336,1763
142648,1763
170998,1763
96789,1760
146876,1760
36757,1759
121216,1759
171212,1759
17440,1758
82436,1758
11191,1756
176514,1756
109263,1755
118419,1755
160642,1755
164873,1755
59256,1754
117913,1754
141385,1753
36145,1752
3197,1751
69530,1751
127538,1751
152601,1750
194919,1749
67754,1748
79058,1748
19487,1745
44315,1745
94434,1745
6324,1744
71347,1743
15467,1742
176117,1741
114287,1739
98921,1738
116244,1738
143554,1738
7883,1737
15364,1737
48605,1737
86944,1737
156515,1737
3231,1735
62796,1735
186482,1735
162993,1734
44508,1733
96457,1733
187070,1733
7943,1731
49076,1731
49143,1730
23111,1729
27202,1729
64108,1729
71601,1728
107525,1728
166735,1728
70885,1727
191732,1727
25411,1725
36287,1724
62453,1724
3614,1723
68124,1723
100185,1723
169680,1723
131635,1722
182059,1721
38396,1718
39227,1718
194297,1718
103857,1716
148749,1716
32342,1715
103531,1715
5964,1714
196781,1714
30237,1713
89477,1713
179914,1710
72479,1707
132560,1707
48136,1704
69807,1704
155770,1704
106820,1702
138183,1702
163220,1702
173966,1702
52591,1701
59810,1701
4340,1700
66026,1700
187346,1700
66005,1699
68997,1699
95754,1699
115251,1698
179194,1698
199811,1698
27592,1697
190431,1697
112973,1696
113058,1696
158502,1696
197704,1696
75564,1695
124035,1694
139459,1694
58063,1693
62370,1693
87150,1693
153826,1693
11306,1692
63250,1692
106357,1692
30098,1691
55924,1691
73645,1691
108563,1691
197735,1691
121418,1690
37390,1689
54320,1689
83657,1689
39020,1688
46351,1688
66108,1687
20156,1686
45834,1686
81153,1686
106542,1686
57770,1685
170367,1683
180199,1682
184325,1682
54315,1681
94459,1680
57901,1679
67329,1679
92639,1678
111765,1678
129831,1678
78107,1676
91178,1676
199143,1676
83931,1675
5532,1674
8521,1674
83175,1674
46628,1673
111225,1672
152572,1672
171392,1671
116287,1669
177777,1669
52255,1668
23303,1667
101421,1667
61099,1666
182407,1666
109025,1665
174165,1665
112589,1661
172322,1661
79641,1660
85166,1660
29008,1658
42238,1658
142459,1658
28528,1657
34416,1657
86197,1657
1739,1656
144987,1656
42879,1655
121534,1655
177576,1654
18199,1652
66159,1652
83275,1651
65206,1650
98335,1649
122661,1649
196676,1648
19120,1647
84236,1647
130809,1647
7367,1646
102294,1645
6541,1642
149142,1642
16397,1641
44195,1641
144639,1641
16876,1640
24575,1639
33594,1637
79917,1637
82340,1637
26087,1636
92679,1636
155435,1635
187644,1633
16335,1631
24732,1631
148008,1631
174976,1631
167557,1630
177399,1630
193260,1630
29539,1629
104632,1629
83918,1628
11098,1627
26576,1627
191007,1627
200139,1626
123753,1625
104647,1624
126596,1624
135757,1624
11100,1623
49590,1623
105088,1622
180797,1621
67446,1620
60355,1618
185398,1618
112551,1617
16121,1616
29551,1616
5313,1615
165205,1615
178255,1615
196306,1615
34365,1613
117050,1613
185824,1612
40256,1611
36595,1610
127103,1608
172754,1608
182926,1606
123723,1605
172433,1604
19682,1603
105886,1603
149730,1603
9825,1602
28284,1602
111890,1602
141812,1600
163684,1600
186661,1600
17863,1597
38319,1597
87508,1597
111977,1597
54137,1596
139166,1596
192902,1596
7248,1595
29022,1595
57719,1595
174951,1595
187378,1595
151245,1594
98837,1593
134435,1593
143962,1591
182248,1590
7389,1589
38916,1588
52888,1588
152045,1588
174575,1588
199266,1588
82555,1587
107920,1587
162873,1587
196963,1587
19316,1586
28079,1586
123111,1584
195014,1584
68833,1583
74223,1583
86575,1583
18784,1582
1735,1581
108662,1580
8720,1579
29608,1579
117845,1579
194456,1577
44871,1575
25111,1574
172675,1574
77785,1573
153053,1573
130746,1572
162039,1572
75242,1571
104107,1571
80957,1569
112759,1569
37451,1568
158379,1568
69574,1567
123668,1567
43241,1565
57673,1565
141567,1565
148074,1565
171250,1565
18806,1564
63998,1564
46745,1563
68821,1563
139590,1563
169064,1563
66694,1562
110174,1562
147948,1562
172015,1562
17722,1561
44968,1561
79480,1561
124505,1561
45784,1560
91844,1560
92663,1560
102040,1560
126019,1560
175333,1560
179207,1560
94287,1559
117166,1559
142933,1559
175326,1559
189561,1559
15279,1558
84441,1558
97782,1558
33720,1557
48717,1557
152931,1557
101075,1556
169201,1556
174189,1556
98410,1555
83863,1554
87606,1554
98900,1554
11685,1553
103593,1553
162056,1553
98329,1552
33146,1551
197336,1551
84981,1550
148717,1550
165383,1550
45951,1549
132696,1549
105670,1548
146215,1548
171519,1548
129909,1547
115829,1545
140162,1544
174532,1544
45277,1543
124401,1543
104959,1542
117151,1542
182024,1542
46273,1541
40603,1540
144023,1540
148593,1540
171720,1540
182656,1540
49095,1539
51117,1539
96774,1539
104130,1539
71238,1538
195613,1538
118615,1537
130496,1536
139804,1536
195638,1536
53998,1535
57563,1535
140377,1535
195147,1535
2806,1534
28133,1534
30565,1534
90524,1534
110149,1534
164099,1534
47771,1533
120368,1533
52730,1532
20402,1530
72611,1530
111091,1530
68740,1528
124129,1528
133435,1528
60211,1527
105559,1527
137464,1527
27590,1526
72043,1526
123334,1526
3708,1525
190006,1525
17744,1524
66306,1524
129192,1522
187400,1520
102509,1519
115957,1519
186456,1519
193717,1519
7265,1518
174431,1517
47568,1516
108965,1516
112389,1516
150276,1516
23931,1515
57660,1515
53936,1514
55538,1514
99171,1513
100299,1513
184921,1513
30638,1512
64755,1512
84629,1512
188303,1512
27129,1511
137752,1511
197474,1511
26128,1510
55627,1510
136727,1510
72841,1509
95625,1509
158970,1509
182188,1509
86694,1508
30618,1507
109422,1507
144253,1507
98190,1506
106228,1506
138476,1506
41999,1505
105549,1505
112709,1504
41484,1503
93479,1503
96171,1503
108242,1503
26609,1502
38833,1501
88039,1501
161075,1501
198721,1501
44377,1500
61341,1500
91695,1500
118767,1500
169856,1500
147259,1499
108323,1498
127867,1498
128171,1498
97067,1497
22724,1496
36038,1496
42649,1496
112133,1496
172277,1496
200638,1496
12308,1495
33843,1495
65664,1495
70694,1495
113309,1495
182766,1495
179513,1494
10775,1493
27297,1493
72381,1492
129684,1492
28936,1489
191337,1489
16672,1488
125902,1488
149152,1488
167906,1488
117403,1487
43639,1486
110021,1486
137741,1485
61084,1484
64280,1483
53107,1482
101490,1482
32780,1480
183744,1479
188703,1479
36886,1478
166171,1478
200758,1478
106929,1476
103163,1475
49013,1474
63514,1474
77429,1474
83411,1474
89884,1474
90928,1474
166007,1474
176601,1474
32614,1473
77404,1473
79091,1473
31290,1472
32572,1472
163530,1472
108595,1471
34369,1470
66097,1470
70362,1470
24986,1469
10189,1466
119866,1466
51384,1465
194853,1465
154271,1464
165888,1464
191201,1464
7557,1463
56975,1462
61108,1462
146118,1462
165963,1462
13070,1461
27584,1460
29843,1460
35843,1460
107817,1460
134508,1460
164941,1460
121867,1459
125398,1459
126921,1459
94969,1458
195599,1458
135029,1457
142583,1457
54441,1456
161120,1456
71198,1455
158767,1455
171229,1455
32535,1454
46905,1454
89527,1454
181232,1454
104746,1453
108488,1453
117585,1453
141098,1453
7424,1452
188855,1452
111591,1451
175484,1451
198494,1450
127637,1449
142278,1449
182412,1449
29835,1448
32605,1448
103887,1448
198471,1448
64819,1447
152357,1447
47383,1446
61644,1446
137064,1446
174092,1446
151941,1445
170707,1445
77114,1444
187247,1444
29499,1443
41359,1443
76606,1443
164988,1443
185583,1443
190287,1443
23481,1442
29623,1442
64710,1442
30315,1441
33704,1441
77247,1441
89804,1441
173105,1441
661,1440
198846,1440
113994,1439
177801,1438
195115,1438
11468,1437
100949,1437
110848,1437
172590,1437
45850,1436
47394,1436
84586,1436
89164,1436
96530,1436
141450,1436
149556,1436
133495,1435
30250,1434
40820,1434
39056,1433
70804,1433
72844,1433
84196,1432
196213,1431
16712,1430
27040,1430
83332,1430
153166,1430
56317,1428
128712,1428
14628,1427
40356,1427
97768,1427
124417,1427
79422,1426
92385,1425
93774,1425
101803,1425
109548,1425
157243,1425
43205,1424
64588,1424
135882,1424
142276,1424
23525,1423
82599,1423
90138,1423
120685,1423
137495,1423
176414,1423
192323,1423
37587,1422
110090,1422
141823,1422
159020,1422
9204,1421
21360,1421
51158,1421
58237,1421
134951,1421
82286,1420
45635,1419
107572,1419
137909,1419
173586,1419
69392,1418
146718,1418
183847,1418
41018,1417
78158,1417
184503,1417
198152,1417
199023,1417
27449,1416
126095,1416
194117,1416
69746,1415
30554,1414
162854,1414
39081,1413
45585,1413
100554,1413
133518,1413
195635,1413
80603,1411
96694,1411
37680,1409
114313,1409
123828,1409
130654,1409
187392,1408
5980,1407
7777,1407
23933,1407
62349,1407
85398,1407
135592,1407
42507,1406
126045,1406
19098,1405
29681,1405
38982,1405
63898,1405
78403,1405
147542,1405
156887,1405
4080,1404
30372,1404
58800,1404
105125,1404
195118,1404
19425,1403
107524,1403
122881,1403
26493,1402
109704,1402
117169,1402
199930,1402
31245,1401
47703,1401
58626,1401
106307,1401
119764,1401
157125,1401
81244,1400
85893,1400
107915,1400
163712,1400
183941,1400
148977,1399
159298,1399
192773,1399
52313,1397
165677,1397
6862,1396
27863,1396
40456,1396
49042,1396
19015,1394
21637,1394
92153,1394
97249,1394
109159,1394
136517,1394
193466,1394
3204,1393
66366,1393
118967,1393
15708,1392
25235,1392
26389,1391
72871,1391
95130,1391
146550,1391
73054,1390
100666,1390
159457,1390
191429,1390
27844,1389
35376,1389
105780,1389
146268,1389
165052,1389
11642,1388
64360,1388
88809,1388
124328,1388
129125,1388
166729,1388
177221,1388
81223,1387
126735,1387
148011,1387
105482,1386
172527,1386
65780,1385
115075,1385
164746,1385
169909,1385
177383,1385
190053,1385
48171,1384
108996,1384
109213,1384
44808,1383
66899,1383
99965,1383
105850,1383
116660,1383
158731,1383
48931,1382
23267,1381
34883,1381
153685,1381
40442,1380
127914,1380
29372,1379
97643,1379
117832,1379
149082,1379
162554,1379
38631,1378
66420,1378
100569,1378
143337,1378
152114,1378
196215,1378
1860,1377
19381,1377
22301,1377
55855,1377
75620,1377
83707,1377
155815,1377
655,1376
31261,1376
7664,1375
152549,1375
151727,1374
11037,1373
117463,1373
53444,1372
86681,1372
141034,1372
124815,1371
176349,1371
124700,1370
189722,1370
31761,1369
58093,1369
88198,1369
89944,1369
124242,1369
140400,1369
141058,1369
56156,1368
152077,1368
171169,1368
47721,1367
64086,1367
104812,1367
3393,1366
17448,1366
93946,1366
135966,1366
12741,1364
41955,1364
71078,1364
139169,1364
185977,1364
52667,1363
62771,1363
102560,1363
114374,1363
144758,1363
177776,1363
20237,1362
21480,1362
26828,1362
70993,1362
71523,1362
107717,1362
147243,1362
25911,1361
67554,1361
112765,1361
176458,1361
197432,1361
120976,1360
172096,1360
133145,1359
156095,1359
188115,1359
1953,1358
35065,1358
73072,1358
112205,1358
157247,1358
162553,1358
73497,1357
134894,1357
20932,1356
69053,1356
125375,1356
142450,1356
154995,1356
28306,1355
44488,1355
54919,1355
88923,1355
168724,1355
28371,1354
32944,1354
59050,1354
116927,1354
84334,1353
92958,1353
10108,1352
61163,1352
152141,1352
164793,1352
179218,1352
188981,1352
15046,1351
45075,1351
176193,1351
1920,1350
67189,1350
169594,1350
191960,1350
97372,1349
49032,1348
121376,1348
179414,1348
112342,1347
122915,1347
125777,1347
33173,1346
69547,1345
79824,1345
89289,1345
111039,1345
148399,1345
164088,1345
172698,1344
14849,1343
166010,1343
186566,1343
174299,1342
187995,1342
191583,1342
9406,1341
32711,1341
187514,1341
55190,1340
104450,1340
106098,1340
108407,1340
142275,1339
165782,1339
9418,1338
55513,1338
111806,1338
139829,1338
24379,1337
60563,1337
123182,1337
138940,1337
173520,1337
4516,1336
25579,1336
74460,1336
193294,1336
12336,1335
158754,1335
130757,1334
138948,1334
6587,1333
123670,1333
131837,1333
16825,1332
102025,1332
105743,1332
25762,1331
74503,1331
157560,1331
5217,1330
71256,1330
100984,1330
168188,1329
179794,1329
117613,1328
133230,1328
171112,1328
92986,1327
97428,1327
103333,1327
40962,1326
118874,1326
136146,1326
138525,1326
109410,1325
150569,1325
32825,1324
73859,1324
114901,1324
194431,1324
15314,1323
47574,1323
55241,1323
139452,1323
156882,1323
180259,1323
14506,1322
29475,1322
48507,1322
88325,1322
93816,1322
113676,1322
171990,1322
55384,1321
113117,1321
155743,1321
11766,1320
87587,1320
182069,1320
185426,1320
146253,1319
29911,1318
51922,1318
130005,1318
187066,1318
42914,1317
50651,1317
50685,1317
64003,1317
80935,1317
83450,1317
169138,1317
170288,1317
1140,1316
143468,1316
171897,1316
175887,1316
179540,1316
27725,1315
81102,1315
88647,1315
35924,1314
92964,1314
527,1313
115938,1313
187077,1313
95161,1312
104336,1312
157582,1312
8375,1311
16751,1311
76880,1311
142479,1311
171880,1311
191312,1311
23761,1310
63758,1310
13467,1309
65225,1309
73657,1309
142998,1309
143690,1309
25384,1308
67433,1308
92191,1308
152244,1308
35585,1307
55859,1307
5483,1306
56570,1306
68902,1306
71690,1306
139949,1306
164193,1306
179624,1306
194528,1306
66210,1305
73107,1305
103928,1305
135201,1305
173221,1305
180450,1305
111520,1304
75348,1303
78891,1303
145861,1303
147533,1303
181756,1303
11376,1302
12649,1302
119227,1302
145266,1302
26835,1301
50925,1301
75596,1301
163917,1301
183680,1301
6075,1300
74112,1300
129024,1300
165531,1300
184142,1300
184973,1300
189986,1300
174351,1299
24763,1298
41259,1298
51886,1298
136078,1298
27143,1297
48026,1297
93698,1297
144180,1297
155683,1297
183221,1297
188936,1297
37717,1296
67569,1296
105590,1296
118207,1296
28683,1295
48351,1295
135169,1295
142017,1295
152457,1295
99743,1294
173138,1294
90419,1293
116125,1293
117162,1293
128228,1293
128879,1293
148294,1293
191624,1293
37544,1292
74785,1292
93789,1292
96430,1292
106589,1292
117049,1292
9977,1291
23366,1291
54779,1291
57228,1291
59557,1291
15528,1290
79996,1290
125202,1290
161169,1290
189134,1290
190857,1290
32291,1289
74330,1289
29743,1288
76669,1288
83425,1288
89577,1288
143186,1288
177974,1288
32570,1287
106856,1287
109229,1287
132642,1287
164287,1287
3885,1286
19607,1286
29975,1286
121902,1286
125270,1286
25502,1285
6404,1284
35823,1284
52670,1284
60059,1284
61245,1284
121845,1284
176014,1284
6424,1283
38457,1283
87391,1283
118837,1283
129804,1283
62240,1282
196832,1282
182945,1281
17189,1280
36944,1280
41900,1280
127257,1280
135234,1280
44961,1279
90752,1279
96168,1279
106366,1279
133963,1279
36394,1278
61865,1278
69076,1278
79539,1278
154496,1278
159394,1278
27591,1277
36418,1277
71306,1277
82008,1277
85942,1277
122411,1277
171491,1277
194931,1277
198833,1277
106580,1276
160726,1276
165403,1276
172636,1276
178470,1276
39581,1275
73759,1275
95719,1275
187797,1275
34036,1274
56777,1274
12887,1273
13952,1273
56758,1273
64567,1273
76052,1273
90913,1273
163120,1273
4511,1272
125128,1272
187945,1272
41395,1271
58490,1271
61556,1271
68059,1271
74878,1271
133113,1271
101310,1270
187762,1270
187997,1270
62503,1269
118399,1269
144665,1269
164967,1269
45190,1268
139296,1268
174589,1268
67494,1267
124664,1267
198676,1267
191594,1266
30339,1265
53995,1265
89342,1265
91496,1265
168422,1265
53800,1264
154703,1264
51758,1263
61392,1263
80180,1263
354,1262
13013,1261
149825,1261
167074,1261
177267,1261
20999,1260
28908,1260
37678,1260
144923,1260
1522,1259
152894,1259
37590,1258
50399,1258
52161,1258
54070,1258
63538,1258
96250,1258
110941,1258
159812,1258
45018,1257
68197,1257
7388,1256
10567,1256
68103,1256
92033,1256
79923,1255
126326,1255
128391,1255
154877,1255
181722,1255
183219,1255
8969,1254
22438,1254
50591,1254
55550,1254
144667,1254
150581,1254
164912,1254
181477,1254
1057,1253
9867,1253
70192,1253
73833,1253
189032,1253
192190,1253
70024,1252
106726,1252
114793,1252
156489,1252
3400,1251
24613,1251
94670,1251
156260,1251
160828,1251
194218,1251
50359,1250
122663,1250
54408,1249
57474,1249
115707,1249
161574,1249
175271,1249
99394,1248
101806,1248
108142,1248
43772,1247
81630,1247
131921,1247
147821,1247
139016,1246
145979,1246
183120,1246
55803,1245
61947,1245
94122,1245
107372,1245
121419,1245
152348,1245
38095,1244
76430,1244
110598,1244
173040,1244
70103,1243
117420,1243
140823,1243
184144,1243
19348,1242
110562,1242
157153,1242
103511,1241
163219,1241
198511,1241
30002,1240
40978,1240
110417,1240
146034,1240
194846,1240
22968,1239
27510,1239
31624,1239
52973,1239
97302,1239
160727,1239
177704,1239
187219,1239
8788,1238
16907,1238
74180,1238
111164,1238
188642,1238
191540,1238
111385,1237
131405,1237
186126,1237
909,1236
38480,1236
76884,1236
89193,1236
130742,1236
172961,1236
179712,1236
34613,1235
116630,1235
199835,1235
200608,1235
19529,1234
125138,1234
126035,1234
129990,1234
65268,1233
70919,1233
80266,1233
15871,1232
27210,1232
37357,1232
70918,1232
82318,1232
135352,1232
56835,1231
88574,1231
111252,1231
36779,1230
56422,1230
66873,1230
71685,1230
99183,1230
182896,1230
197286,1230
8705,1228
52786,1228
134298,1228
145703,1228
157236,1228
173119,1228
16643,1227
58804,1227
126126,1227
180294,1227
54488,1226
69409,1226
70117,1226
200352,1226
49170,1225
171257,1225
198632,1225
15594,1223
93048,1223
164722,1223
167686,1223
16303,1222
31361,1222
34138,1222
44856,1222
52352,1222
88925,1222
106742,1222
134544,1222
172436,1222
190235,1222
200611,1222
12697,1221
20292,1221
55279,1221
34864,1220
54450,1220
83947,1220
104997,1220
129726,1220
155230,1220
61199,1219
65168,1219
66439,1219
88964,1219
104826,1219
8634,1218
51735,1218
52123,1218
191587,1218
134919,1217
84603,1216
100445,1216
130620,1216
95167,1215
112306,1215
123623,1215
125597,1215
172270,1215
29633,1214
65902,1214
86525,1214
102480,1214
108304,1214
121898,1214
137097,1214
151623,1214
185637,1214
9779,1213
41457,1213
47046,1213
64935,1213
102202,1213
112199,1213
132160,1213
169894,1213
29345,1212
53066,1212
87498,1212
132903,1212
155924,1212
30038,1211
168511,1210
195051,1210
16224,1209
72241,1209
105063,1209
115681,1209
119757,1209
132131,1209
148559,1209
199591,1209
29561,1208
54553,1208
82989,1208
162545,1208
165854,1208
32235,1207
84924,1207
134394,1207
188365,1207
26048,1206
99324,1206
168872,1206
195245,1206
29967,1205
111533,1205
128551,1205
158567,1205
167218,1205
72590,1204
140207,1204
53310,1203
81938,1203
70533,1202
92129,1202
129149,1202
140192,1202
186423,1202
5572,1201
37585,1201
101373,1201
138003,1201
156202,1201
188622,1201
44750,1200
63437,1200
95413,1200
99633,1200
100346,1199
129074,1199
177585,1199
17869,1198
48267,1198
58953,1198
85993,1198
93277,1198
117928,1198
11089,1197
20361,1197
70126,1197
131632,1197
173914,1197
5527,1196
44529,1196
60447,1196
171454,1196
178904,1196
184200,1196
92830,1195
97223,1195
33113,1194
163021,1194
34185,1193
37706,1193
110586,1193
147903,1193
185006,1193
68165,1192
112473,1192
31337,1191
65261,1191
38894,1190
52887,1190
88252,1190
97354,1190
140659,1190
113495,1189
142448,1189
155002,1189
196155,1189
95955,1188
167399,1188
47637,1187
60945,1187
78346,1187
139032,1187
146423,1187
186389,1187
188967,1187
25207,1186
41285,1186
91336,1186
132627,1186
148274,1186
13345,1185
60095,1185
199482,1185
37035,1184
76832,1184
121383,1184
145251,1184
186078,1184
195539,1184
34874,1183
142562,1183
194252,1183
101235,1182
103256,1182
110628,1182
132169,1182
179650,1182
186974,1182
197441,1182
200767,1182
176526,1181
3070,1180
14284,1180
106939,1180
107311,1180
187323,1180
74606,1179
76040,1179
72810,1178
140974,1178
145815,1178
188599,1178
19783,1177
39165,1177
43326,1177
45498,1177
72663,1177
100884,1177
109079,1177
147063,1177
150193,1177
33467,1176
86100,1176
116912,1176
143558,1176
168045,1176
182341,1176
199399,1176
5853,1175
11706,1175
32457,1175
40128,1175
45897,1175
60616,1175
85376,1175
106932,1175
179791,1175
15650,1174
25806,1174
34126,1174
42576,1173
75264,1173
97178,1173
145429,1173
156173,1173
167981,1173
170753,1173
8382,1172
47964,1172
63609,1172
105278,1172
127428,1172
150762,1172
174878,1172
185551,1172
161109,1171
163288,1171
22164,1170
77711,1170
86664,1170
90609,1170
179841,1170
122854,1169
163115,1169
171418,1169
5727,1168
78471,1168
160450,1168
196253,1168
68831,1167
81447,1167
125993,1167
14642,1166
62536,1166
72318,1166
74816,1166
93064,1166
64656,1165
74862,1165
75880,1165
142346,1165
163456,1165
164744,1165
196115,1165
196764,1165
81827,1164
139611,1164
180503,1164
29889,1163
42317,1163
142671,1163
187590,1163
44361,1162
59596,1162
146425,1162
182165,1162
192790,1162
197249,1162
44230,1161
74335,1161
102199,1161
137788,1161
162843,1161
27007,1160
58386,1160
104620,1160
115623,1160
122532,1160
129191,1160
141131,1160
144466,1160
150888,1160
157953,1160
190870,1160
40937,1159
45875,1159
53284,1159
125436,1159
137322,1159
177444,1159
59466,1158
69741,1158
125121,1158
176513,1158
153528,1157
18212,1156
12875,1155
25617,1155
77671,1155
92304,1155
170666,1155
182919,1155
192058,1155
1766,1154
16795,1154
37331,1154
75907,1154
98234,1154
106660,1154
119139,1154
123022,1154
168454,1154
171559,1154
23582,1153
78718,1153
128474,1153
151196,1153
175564,1153
6563,1152
15772,1152
38519,1152
52206,1152
152560,1152
181723,1152
46813,1151
68809,1151
99265,1151
196695,1151
12219,1150
52057,1150
98417,1150
155702,1150
28865,1149
44443,1149
60341,1149
73293,1149
116269,1149
128636,1149
13009,1148
38689,1148
61358,1148
82886,1148
127189,1148
161691,1148
169414,1148
174608,1148
200875,1148
86921,1147
104339,1147
114628,1147
11551,1146
38661,1146
54378,1146
76180,1146
80909,1146
95619,1146
110754,1146
198150,1146
82018,1145
123641,1145
136641,1145
152688,1145
25944,1144
40085,1144
86860,1144
119833,1144
143536,1144
184959,1144
55326,1143
62141,1143
66602,1143
152354,1143
1842,1142
5905,1142
19952,1142
43913,1142
60023,1142
118375,1142
144015,1142
120271,1141
22729,1140
31657,1140
43675,1140
81267,1140
106151,1140
144355,1140
37721,1139
40897,1139
43012,1139
63592,1139
160104,1139
164695,1139
171335,1139
193877,1139
13850,1138
109901,1138
112747,1138
191755,1138
2817,1137
44131,1137
118551,1137
189107,1137
196649,1137
54805,1136
104490,1136
126615,1136
138799,1136
17154,1135
36928,1135
43297,1135
64774,1135
127199,1135
137514,1135
189700,1135
19210,1134
25913,1134
26194,1134
65190,1134
73009,1134
105880,1134
106063,1134
126772,1134
136249,1134
24216,1133
36321,1133
191005,1133
86199,1132
94069,1132
99868,1132
101499,1132
106577,1132
114165,1132
156467,1132
174356,1132
185023,1132
34441,1131
51720,1131
158676,1131
168426,1131
181394,1131
16629,1130
90020,1130
111935,1130
42283,1129
142769,1129
147969,1129
159185,1129
76054,1128
97077,1128
98846,1128
116169,1128
125139,1128
142818,1128
154392,1128
158982,1128
173505,1128
26490,1127
39130,1127
70154,1127
120106,1127
125738,1127
193267,1127
9721,1126
31899,1126
55704,1126
67012,1126
96334,1126
108653,1126
166810,1126
90140,1125
16754,1124
25373,1124
83995,1124
93265,1124
105883,1124
123678,1124
171871,1124
172297,1124
8742,1123
30227,1123
39755,1123
77342,1123
81271,1123
102778,1123
163538,1123
36981,1122
48618,1122
49583,1122
143322,1122
148391,1122
168354,1122
187850,1122
199332,1122
105202,1121
126997,1121
2268,1120
55515,1120
101866,1120
112558,1120
132114,1120
158249,1120
3065,1119
71140,1119
100306,1119
104930,1119
139083,1119
177097,1119
48899,1118
98032,1118
110370,1118
157699,1118
186952,1118
194075,1118
4462,1117
7092,1117
177841,1117
178816,1116
2844,1115
15082,1115
28116,1115
79966,1115
89519,1115
133090,1115
153642,1115
30977,1114
33522,1114
190803,1114
702,1113
2471,1113
10565,1113
34056,1113
39140,1113
61092,1113
92242,1113
111942,1113
149475,1113
176231,1113
184881,1113
9112,1112
44384,1112
99505,1112
126923,1112
196930,1112
12299,1111
67237,1111
87329,1111
118463,1111
128622,1111
170503,1111
177889,1111
36956,1110
73604,1110
104533,1110
154141,1110
167638,1110
194314,1110
54511,1109
55413,1109
60042,1109
78330,1109
187584,1109
195512,1109
198580,1109
83364,1108
132579,1108
142193,1108
159306,1108
161288,1108
18081,1107
55534,1107
82498,1107
131743,1107
152548,1107
160157,1107
18438,1106
41696,1106
64440,1106
67552,1106
72771,1106
123549,1106
139029,1106
175243,1106
188674,1106
39693,1105
65900,1105
67298,1105
83703,1105
87518,1105
96058,1105
113392,1105
151563,1105
158634,1105
170770,1105
174487,1105
174941,1105
175499,1105
29406,1104
38754,1104
65803,1104
91012,1104
116828,1104
119445,1104
132226,1104
185506,1104
72747,1103
72962,1103
74385,1103
74991,1103
114500,1103
169558,1103
199641,1103
9898,1102
36370,1102
88384,1102
96673,1102
98041,1102
163528,1102
189320,1102
191490,1102
26585,1101
38718,1101
52085,1101
89861,1101
113864,1101
144408,1101
28337,1100
61651,1100
128284,1100
132521,1100
138710,1100
139985,1100
181351,1100
187337,1100
31187,1099
143132,1099
143551,1099
164721,1099
982,1098
1050,1098
65324,1098
98031,1098
104279,1098
3877,1097
7966,1097
23489,1097
123627,1097
151677,1097
154556,1097
189322,1097
447,1096
30564,1096
63487,1096
75916,1096
76207,1096
79063,1096
141283,1096
28384,1095
72210,1095
107305,1095
122061,1095
143361,1095
167667,1095
8068,1094
14341,1094
16711,1094
91173,1094
129188,1094
132634,1094
139965,1094
155912,1094
17426,1093
20796,1093
36687,1093
87505,1093
89661,1093
105019,1093
155570,1093
167846,1093
2810,1092
92928,1092
96881,1092
112432,1092
129791,1092
159906,1092
171043,1092
188823,1092
48111,1091
54636,1091
81221,1091
82061,1091
95405,1091
197168,1091
50311,1090
151137,1090
6139,1089
13164,1089
31356,1089
37516,1089
88247,1089
90801,1089
124274,1089
133799,1089
163147,1089
177125,1089
25267,1088
75235,1088
114069,1088
18171,1087
21713,1087
49310,1087
51408,1087
59998,1087
88033,1087
141402,1087
151341,1087
181376,1087
190065,1087
360,1086
72920,1086
75189,1086
113104,1086
122618,1086
149548,1086
140432,1085
172533,1085
83625,1084
87485,1084
110613,1084
173359,1084
199721,1084
9158,1083
83164,1083
190748,1083
199631,1083
13917,1082
84942,1082
135650,1082
168699,1082
198914,1082
21452,1081
21490,1081
33172,1081
49089,1081
94808,1081
121411,1081
122111,1081
138959,1081
178207,1081
181469,1081
8075,1080
74300,1080
81593,1080
131294,1080
194897,1080
25618,1079
104942,1079
146348,1079
187316,1079
199627,1079
6460,1078
80615,1078
99021,1078
156063,1078
174622,1078
15624,1077
43975,1077
102740,1077
156523,1077
180410,1077
20367,1076
98859,1076
106194,1076
115589,1076
155033,1076
183343,1076
191289,1076
14816,1075
105440,1075
148356,1075
19325,1074
29244,1074
30555,1074
33177,1074
33262,1074
45143,1074
62623,1074
72781,1074
119718,1074
121783,1074
145211,1074
193034,1074
17767,1073
34798,1073
38322,1073
44483,1073
94926,1073
114246,1073
144257,1073
145379,1073
148509,1073
177293,1073
37759,1072
45476,1072
57442,1072
130328,1072
134695,1072
150499,1072
153172,1072
179765,1072
20832,1071
24700,1071
93915,1071
113936,1071
117310,1071
161303,1071
169352,1071
25099,1070
84485,1070
120951,1070
153876,1070
190779,1070
11862,1069
41182,1069
45028,1069
77308,1069
77860,1069
122704,1069
178241,1069
178379,1069
70419,1068
71720,1068
84413,1068
87159,1068
123361,1068
17188,1067
39609,1067
93833,1067
98141,1067
98883,1067
104397,1067
125964,1067
129493,1067
52522,1066
62440,1066
72433,1066
80501,1066
114877,1066
134715,1066
159405,1066
172633,1066
186639,1066
57217,1065
91305,1065
170457,1065
179396,1065
31680,1064
95034,1064
22999,1063
26519,1063
49667,1063
108074,1063
134969,1063
173804,1063
183197,1063
92903,1062
109618,1062
142760,1062
173557,1062
179238,1062
182385,1062
183401,1062
20518,1061
29262,1061
55495,1061
56103,1061
96831,1061
157312,1061
18537,1060
47890,1060
102712,1060
113814,1060
119580,1060
130861,1060
170109,1060
25954,1059
80313,1059
105101,1059
123134,1059
144398,1059
37583,1058
54490,1058
118609,1058
144147,1058
146655,1058
155488,1058
157337,1058
160885,1058
32642,1057
44860,1057
106053,1057
133413,1057
168991,1057
181241,1057
30208,1056
91696,1056
115301,1056
122212,1056
132106,1056
139737,1056
30197,1055
56883,1055
74758,1055
105786,1055
106039,1055
110197,1055
157958,1055
179455,1055
195725,1055
26010,1054
59078,1054
89326,1054
125580,1054
187213,1054
13772,1053
15532,1053
111954,1053
92134,1052
115361,1052
119604,1052
2832,1051
26625,1051
33027,1051
40148,1051
77783,1051
98191,1051
175976,1051
106650,1050
133842,1050
146484,1050
186426,1050
188578,1050
19528,1049
36490,1049
47880,1049
102100,1049
129104,1049
143553,1049
165226,1049
197882,1049
10439,1048
12404,1048
16459,1048
36906,1048
81378,1048
101991,1048
124804,1048
130576,1048
142189,1048
186865,1048
5597,1047
60730,1047
112632,1047
117260,1047
123058,1047
174577,1047
25467,1046
57008,1046
78195,1046
95756,1046
108099,1046
126078,1046
139902,1046
146502,1046
184793,1046
198415,1046
19433,1045
21619,1045
31222,1045
46700,1045
46962,1045
53244,1045
58120,1045
120427,1045
145560,1045
166358,1045
177948,1045
4629,1044
26022,1044
50693,1044
105541,1044
116833,1044
129858,1044
149737,1044
158279,1044
168261,1044
186602,1044
189116,1044
15391,1043
37985,1043
96219,1043
116724,1043
117430,1043
154652,1043
188797,1043
78187,1042
148376,1042
159673,1042
174643,1042
186740,1042
189665,1042
195185,1042
200548,1042
5951,1041
70791,1041
113500,1041
133247,1041
171649,1041
172832,1041
181222,1041
21778,1040
38030,1040
89270,1040
96561,1040
105244,1040
132663,1040
10990,1039
67716,1039
78719,1039
93679,1039
120458,1039
139520,1039
161865,1039
169619,1039
181430,1039
3038,1038
42414,1038
77028,1038
92088,1038
96573,1038
107546,1038
124832,1038
178474,1038
188519,1038
194543,1038
14425,1037
44305,1037
83045,1037
85032,1037
110135,1037
148968,1037
8314,1036
63605,1036
122244,1036
158976,1036
184433,1036
191835,1036
65583,1035
68793,1035
106355,1035
132958,1035
158483,1035
197445,1035
39221,1034
56879,1034
106348,1034
158169,1034
159619,1034
173025,1034
7772,1033
11278,1033
22474,1033
41093,1033
74904,1033
93065,1033
110940,1033
142791,1033
168163,1033
31374,1032
35421,1032
36368,1032
51667,1032
61543,1032
83543,1032
92294,1032
139952,1032
142763,1032
148487,1032
156201,1032
171024,1032
175022,1032
194651,1032
50845,1031
140575,1031
145746,1031
547,1030
12857,1030
31485,1030
35086,1030
66043,1030
117866,1030
140115,1030
161979,1030
170570,1030
191301,1030
191389,1030
22180,1029
48951,1029
66193,1029
138773,1029
142221,1029
143019,1029
1069,1028
6095,1028
49066,1028
151611,1028
153754,1028
155731,1028
64129,1027
106143,1027
128462,1027
171049,1027
33946,1026
73596,1026
123276,1026
145435,1026
153883,1026
8869,1025
11813,1025
42572,1025
49948,1025
65956,1025
69806,1025
71026,1025
102794,1025
150986,1025
166935,1025
170947,1025
36802,1024
76106,1024
92926,1024
123674,1024
147588,1024
151770,1024
14459,1023
15918,1023
111331,1023
140337,1023
20752,1022
82309,1022
82884,1022
151777,1022
588,1021
42938,1021
95762,1021
183515,1021
198622,1021
39953,1020
89307,1020
101946,1020
102765,1020
113455,1020
171578,1020
10722,1019
135965,1019
163780,1019
177715,1019
192822,1019
20366,1018
58869,1018
105133,1018
126119,1018
147726,1018
181165,1018
191047,1018
49128,1017
63163,1017
82596,1017
87198,1017
88541,1017
165689,1017
175085,1017
175242,1017
189838,1017
1025,1016
74924,1016
78971,1016
79037,1016
154317,1016
180228,1016
200326,1016
67087,1015
124306,1015
133475,1015
143847,1015
160854,1015
182009,1015
189801,1015
42855,1014
55001,1014
70764,1014
80565,1014
95202,1014
124655,1014
133798,1014
135214,1014
137750,1014
158411,1014
194997,1014
71777,1013
90950,1013
94971,1013
147624,1013
174284,1013
176007,1013
8812,1012
10531,1012
19808,1012
50954,1012
112190,1012
160972,1012
190905,1012
11864,1011
18320,1011
27934,1011
120852,1011
123894,1011
138059,1011
168578,1011
8187,1010
26811,1010
49492,1010
70213,1010
174046,1010
185306,1010
198144,1010
37885,1009
56305,1009
68712,1009
78701,1009
88264,1009
174495,1009
189858,1009
196994,1009
17590,1008
57392,1008
81117,1008
97495,1008
115875,1008
142340,1008
191852,1008
83402,1007
105860,1007
147034,1007
147482,1007
158657,1007
162564,1007
165472,1007
192264,1007
22321,1006
23857,1006
30684,1006
32312,1006
34909,1006
39908,1006
116719,1006
126996,1006
173188,1006
108688,1005
109304,1005
158851,1005
180557,1005
2707,1004
8605,1004
44074,1004
44465,1004
80367,1004
84228,1004
135388,1004
43883,1003
51331,1003
57047,1003
58035,1003
59225,1003
159278,1003
168811,1003
184470,1003
198926,1003
15917,1002
16405,1002
24385,1002
60280,1002
84067,1002
96835,1002
100835,1002
148046,1002
161119,1002
170173,1002
10213,1001
10631,1001
24972,1001
30375,1001
42497,1001
55093,1001
70072,1001
113782,1001
116260,1001
117322,1001
